x1	y1	x2	y2
413.930000	6.731090	501.736000	206.154000
303.018000	15.594400	299.509000	23.849400
303.018000	15.594400	299.509000	23.849400
295.081000	40.260000	263.387000	100.080000
124.735000	45.288000	542.391000	337.900000
295.547000	46.597000	291.512000	51.302400
302.198000	53.351800	297.728000	57.103900
293.725000	58.460500	353.711000	149.985000
313.992000	58.760400	324.542000	94.820000
313.992000	58.760400	333.360000	113.299000
399.059000	58.876400	81.274500	360.042000
399.059000	58.876400	385.378000	162.754000
319.871000	69.856600	253.910000	387.132000
172.587000	82.766300	181.642000	94.932100
302.552000	82.519900	295.985000	86.921500
293.854000	84.380900	188.161000	130.974000
437.186000	84.392100	428.674000	71.543200
437.186000	84.392100	428.674000	71.543200
28.174500	91.002900	17.252900	163.335000
96.576800	95.705900	167.678000	132.544000
301.980000	105.013000	294.659000	102.972000
301.980000	105.013000	294.659000	102.972000
443.773000	109.501000	432.850000	94.894800
263.003000	112.333000	340.807000	105.565000
310.479000	114.979000	300.374000	111.274000
424.482000	116.799000	413.486000	103.068000
430.229000	115.872000	419.953000	101.997000
256.121000	119.077000	292.921000	44.673700
183.361000	119.777000	446.446000	100.761000
259.800000	119.686000	316.197000	77.905600
39.660600	122.654000	365.820000	204.484000
443.363000	132.394000	431.475000	115.439000
443.363000	132.394000	431.475000	115.439000
125.608000	139.933000	210.308000	322.557000
157.306000	140.466000	170.169000	141.457000
301.826000	140.380000	293.518000	132.822000
357.435000	141.709000	345.574000	129.636000
357.435000	141.709000	345.574000	129.636000
431.534000	143.386000	406.000000	160.142000
231.461000	145.637000	289.919000	411.088000
162.682000	146.409000	396.667000	194.293000
162.682000	146.409000	499.205000	339.291000
288.194000	147.140000	364.721000	107.728000
138.291000	149.262000	513.032000	401.547000
302.069000	148.788000	529.831000	417.745000
260.135000	150.666000	285.309000	88.248300
281.369000	151.999000	239.780000	200.798000
356.167000	152.514000	327.194000	104.049000
419.056000	152.279000	405.674000	135.485000
447.713000	153.956000	436.000000	134.126000
473.889000	153.546000	463.412000	132.508000
156.011000	155.209000	406.539000	202.319000
175.793000	155.741000	462.683000	201.102000
241.847000	156.756000	280.512000	76.733100
191.802000	159.756000	481.268000	174.437000
326.208000	162.859000	62.061100	228.729000
45.560400	164.674000	165.462000	342.883000
264.066000	166.460000	257.767000	156.746000
375.738000	166.946000	13.933400	202.753000
84.255500	168.724000	157.936000	150.343000
160.832000	171.725000	398.476000	188.993000
122.310000	173.396000	191.897000	179.130000
113.043000	173.887000	421.010000	158.900000
316.381000	174.713000	530.563000	415.540000
316.381000	174.713000	530.563000	415.540000
159.100000	177.867000	282.258000	208.196000
182.990000	177.143000	424.369000	163.310000
219.413000	181.056000	528.064000	418.064000
133.759000	183.303000	201.773000	280.976000
260.546000	184.486000	269.029000	149.235000
146.921000	186.332000	188.906000	205.080000
153.028000	186.209000	452.255000	171.358000
153.028000	186.209000	452.255000	171.358000
159.068000	186.443000	173.433000	153.123000
159.068000	186.443000	459.092000	171.749000
183.384000	187.048000	526.836000	208.842000
371.066000	188.472000	496.955000	296.364000
105.462000	190.135000	15.476400	230.491000
327.133000	189.785000	275.479000	242.594000
487.078000	190.962000	457.322000	132.308000
493.194000	190.921000	463.412000	132.508000
121.645000	191.638000	463.101000	215.731000
203.472000	191.726000	479.688000	173.824000
52.822200	193.383000	229.155000	338.358000
316.114000	193.069000	278.733000	177.316000
340.081000	194.874000	125.089000	432.215000
526.359000	194.979000	425.379000	411.655000
333.766000	195.247000	224.424000	370.275000
429.838000	196.054000	399.304000	202.969000
73.361400	196.469000	155.404000	217.723000
444.134000	196.380000	411.614000	139.867000
451.573000	196.447000	453.275000	201.388000
466.529000	196.556000	453.539000	201.694000
482.704000	196.956000	452.638000	137.289000
328.676000	201.792000	315.809000	182.011000
151.107000	202.880000	197.352000	192.916000
157.265000	203.151000	171.460000	167.570000
244.616000	203.240000	359.303000	163.679000
200.060000	204.294000	460.818000	156.367000
191.657000	205.125000	406.511000	188.434000
221.721000	206.922000	309.806000	354.466000
280.995000	206.855000	270.341000	190.686000
92.010900	208.718000	525.133000	208.789000
123.382000	208.585000	408.575000	103.627000
324.729000	208.425000	78.592400	215.292000
565.479000	209.598000	57.940700	432.684000
191.805000	211.757000	406.726000	165.111000
191.805000	211.757000	437.507000	163.562000
245.460000	211.545000	241.407000	195.415000
196.419000	212.213000	411.360000	165.061000
430.596000	212.999000	16.675100	307.936000
520.228000	212.018000	290.551000	411.067000
467.645000	213.951000	90.057300	261.326000
65.691900	217.650000	22.028900	168.660000
154.898000	219.935000	444.381000	172.591000
469.197000	219.999000	453.840000	191.819000
424.295000	220.985000	437.507000	163.562000
475.892000	220.638000	459.601000	192.097000
485.017000	220.811000	452.915000	162.656000
485.017000	220.811000	452.915000	162.656000
181.292000	221.521000	427.190000	173.103000
288.526000	224.640000	384.225000	83.079500
219.248000	227.814000	201.247000	302.351000
301.472000	228.256000	523.615000	370.195000
301.472000	228.256000	524.884000	369.760000
417.133000	229.669000	398.503000	203.817000
363.549000	229.881000	125.767000	238.447000
408.942000	230.267000	391.610000	204.415000
431.777000	230.067000	413.213000	173.758000
479.052000	229.988000	462.683000	201.102000
484.645000	229.894000	470.127000	201.089000
93.987900	231.427000	110.051000	353.260000
102.947000	231.753000	109.504000	352.636000
560.377000	233.866000	230.258000	361.281000
560.377000	233.866000	230.258000	361.281000
586.462000	236.169000	579.695000	209.018000
371.924000	239.738000	54.449000	324.223000
412.510000	240.731000	375.601000	290.963000
450.834000	240.809000	38.569500	433.112000
250.682000	243.880000	53.697600	325.272000
29.884400	248.790000	98.383200	182.938000
415.369000	247.991000	73.709100	227.784000
268.330000	249.417000	148.146000	155.794000
302.672000	250.149000	192.546000	140.444000
309.453000	249.312000	302.996000	218.552000
255.673000	250.767000	561.349000	291.002000
255.673000	250.767000	561.349000	291.002000
536.268000	250.670000	576.178000	208.191000
14.574500	252.063000	355.791000	438.362000
441.641000	252.312000	422.518000	223.378000
441.641000	252.312000	422.518000	223.378000
410.575000	257.613000	285.710000	285.844000
450.345000	259.414000	183.911000	360.822000
450.345000	259.414000	430.341000	229.076000
520.811000	260.889000	280.482000	220.365000
13.885600	262.391000	355.791000	438.362000
444.229000	263.984000	423.992000	232.832000
131.956000	264.986000	142.984000	242.404000
34.764800	266.436000	253.342000	392.191000
588.707000	266.526000	580.103000	236.327000
97.452900	267.204000	538.346000	273.970000
115.983000	267.516000	190.444000	170.592000
428.036000	267.065000	407.315000	235.605000
428.036000	267.065000	453.846000	235.324000
473.227000	267.202000	453.846000	235.324000
473.227000	267.202000	453.846000	235.324000
290.176000	271.106000	155.662000	217.418000
374.536000	270.805000	315.472000	397.598000
193.105000	272.756000	155.566000	356.158000
231.838000	273.454000	333.815000	244.688000
300.647000	274.070000	91.770400	419.060000
238.456000	276.238000	293.420000	213.782000
114.870000	278.054000	93.582800	270.739000
338.517000	280.531000	479.836000	231.086000
551.701000	280.890000	178.977000	141.785000
494.248000	285.969000	323.701000	175.927000
588.759000	286.183000	525.726000	253.314000
470.036000	290.356000	488.987000	196.726000
7.680810	291.011000	406.000000	160.142000
284.879000	291.393000	544.680000	175.292000
184.336000	294.822000	468.445000	358.331000
582.814000	296.814000	518.024000	262.701000
171.549000	297.670000	298.971000	355.502000
541.068000	297.834000	251.729000	332.766000
130.157000	298.941000	141.838000	265.287000
242.848000	299.502000	545.390000	257.765000
309.703000	302.928000	466.751000	246.540000
341.938000	301.956000	324.312000	265.883000
341.938000	301.956000	324.312000	265.883000
477.619000	302.423000	190.140000	122.182000
26.293900	304.419000	70.785200	244.604000
89.762700	308.107000	106.928000	273.037000
113.967000	307.960000	119.330000	273.036000
288.061000	310.205000	78.825300	226.096000
499.698000	312.674000	111.019000	359.314000
188.374000	315.506000	219.443000	209.500000
523.839000	316.796000	379.776000	214.096000
362.004000	320.005000	549.873000	293.791000
81.666600	325.353000	373.839000	141.737000
63.401100	326.457000	65.361100	254.295000
43.737300	330.420000	115.759000	218.124000
132.033000	331.500000	148.049000	288.625000
132.033000	331.500000	148.049000	288.625000
577.208000	339.116000	528.347000	418.123000
566.622000	342.354000	150.919000	208.521000
113.926000	343.432000	111.876000	299.810000
530.789000	344.574000	560.123000	292.064000
431.167000	347.316000	464.174000	302.035000
18.107200	352.741000	253.431000	390.290000
488.125000	353.937000	265.804000	268.919000
393.100000	355.132000	289.075000	223.255000
515.857000	354.760000	520.522000	241.084000
92.852500	357.181000	551.328000	338.357000
259.956000	361.562000	549.129000	367.399000
317.115000	362.111000	299.799000	314.065000
317.115000	362.111000	299.799000	314.065000
332.286000	362.348000	312.818000	314.475000
332.286000	362.348000	262.709000	313.270000
362.753000	362.583000	257.246000	313.230000
225.946000	363.615000	382.226000	69.690000
283.206000	363.235000	225.639000	170.689000
186.733000	364.841000	178.527000	357.350000
45.773000	366.963000	230.926000	345.408000
66.313600	371.061000	207.674000	167.075000
14.771800	373.762000	258.686000	292.254000
14.771800	373.762000	529.855000	294.000000
559.498000	373.579000	433.453000	280.053000
559.498000	373.579000	463.231000	297.294000
263.265000	374.891000	583.867000	218.252000
463.250000	379.163000	408.394000	330.002000
433.499000	380.599000	408.394000	330.002000
492.145000	380.354000	466.961000	331.182000
425.928000	383.096000	458.629000	332.842000
554.335000	384.066000	582.242000	294.000000
44.104000	385.084000	562.384000	144.971000
338.253000	384.899000	241.600000	364.780000
499.326000	386.117000	126.195000	298.705000
311.561000	387.147000	453.932000	370.808000
347.146000	387.975000	324.338000	334.683000
347.146000	387.975000	324.338000	334.683000
127.833000	390.121000	156.834000	347.920000
317.190000	390.992000	299.330000	335.901000
171.343000	392.270000	437.511000	255.552000
171.343000	392.270000	437.511000	255.552000
356.702000	391.862000	346.742000	314.996000
220.988000	395.211000	257.716000	246.812000
374.903000	395.943000	209.623000	340.904000
151.479000	397.249000	379.402000	111.493000
48.884400	399.957000	316.585000	205.539000
280.655000	400.958000	312.583000	373.992000
582.589000	400.817000	411.716000	217.120000
203.623000	401.754000	476.613000	369.979000
339.966000	402.090000	299.890000	361.945000
326.198000	402.698000	541.039000	328.821000
234.434000	403.836000	153.180000	218.838000
566.688000	403.849000	253.342000	392.191000
566.688000	403.849000	254.046000	391.930000
46.283200	405.634000	79.656600	338.682000
493.298000	407.106000	464.246000	353.190000
466.951000	408.059000	220.319000	209.442000
176.705000	408.904000	463.527000	377.729000
433.763000	409.153000	405.323000	354.002000
433.763000	409.153000	405.323000	354.002000
23.461100	410.624000	87.105400	229.864000
149.805000	412.180000	411.240000	105.380000
489.464000	413.517000	234.221000	247.232000
464.820000	419.273000	557.819000	254.865000
273.612000	423.388000	182.853000	354.300000
208.951000	425.878000	152.407000	160.047000
250.264000	429.458000	51.622100	198.573000
250.264000	429.458000	51.688400	198.253000
345.299000	429.409000	140.908000	210.883000
456.404000	430.856000	129.603000	435.399000
410.786000	434.531000	254.770000	332.761000
92.388100	437.773000	561.828000	142.407000
105.372000	437.616000	516.680000	428.300000
579.561000	439.065000	549.901000	257.277000
20.114700	440.552000	364.723000	107.747000
24.798400	442.786000	366.180000	204.822000
385.124000	443.581000	73.001600	346.945000
400.582000	7.232000	212.945000	137.243000
504.905000	22.746100	128.580000	385.530000
294.027000	27.883300	543.401000	339.929000
302.598000	27.361200	298.835000	33.829900
313.702000	35.314100	464.512000	376.631000
124.764000	45.435100	542.391000	337.900000
302.156000	53.446400	297.728000	57.103900
313.966000	58.772900	324.542000	94.820000
313.966000	58.772900	333.360000	113.299000
399.442000	59.159200	81.274500	360.042000
399.442000	59.159200	385.378000	162.754000
541.611000	71.021200	561.311000	213.665000
302.573000	82.938000	295.985000	86.921500
437.368000	84.335100	428.674000	71.543200
437.368000	84.335100	428.674000	71.543200
27.965800	90.972000	17.252900	163.335000
332.860000	99.165800	313.724000	77.222900
302.102000	105.010000	294.659000	102.972000
302.102000	105.010000	294.659000	102.972000
68.081000	106.592000	56.641300	352.451000
86.816700	110.697000	75.929300	186.473000
309.962000	115.040000	300.374000	111.274000
183.041000	119.976000	446.446000	100.761000
181.215000	127.735000	471.454000	377.815000
296.817000	136.164000	288.811000	129.651000
321.458000	138.353000	311.267000	130.454000
321.458000	138.353000	311.267000	130.454000
278.035000	138.976000	270.510000	133.558000
324.635000	139.617000	343.921000	138.428000
124.979000	140.935000	136.658000	149.983000
357.332000	141.701000	345.574000	129.636000
357.332000	141.701000	345.574000	129.636000
162.145000	146.584000	127.482000	386.329000
270.816000	148.569000	264.967000	143.714000
302.517000	149.256000	293.578000	140.603000
333.606000	149.743000	323.013000	139.051000
308.506000	151.237000	301.313000	128.537000
323.251000	151.348000	325.139000	161.602000
356.273000	152.549000	327.194000	104.049000
147.523000	154.463000	410.728000	138.770000
448.068000	154.290000	436.000000	134.126000
155.066000	154.929000	468.232000	200.316000
276.268000	158.125000	283.425000	126.932000
453.698000	158.538000	441.735000	138.718000
453.698000	158.538000	441.735000	138.718000
325.192000	162.843000	313.622000	149.994000
325.192000	162.843000	313.622000	149.994000
45.562900	164.811000	165.462000	342.883000
199.983000	164.741000	547.408000	423.813000
263.717000	165.617000	257.767000	156.746000
375.748000	166.420000	427.784000	171.357000
122.450000	173.379000	191.897000	179.130000
130.746000	175.234000	228.780000	368.773000
287.471000	175.849000	180.601000	118.255000
316.748000	175.156000	134.145000	151.037000
316.748000	175.156000	134.145000	151.037000
182.553000	177.188000	424.369000	163.310000
152.943000	185.950000	452.255000	171.358000
152.943000	185.950000	452.255000	171.358000
183.440000	186.776000	526.836000	208.842000
371.774000	188.192000	498.130000	295.004000
296.864000	189.708000	299.828000	173.835000
266.352000	193.604000	259.883000	179.285000
172.766000	194.182000	544.006000	440.716000
72.720200	196.441000	155.404000	217.723000
338.294000	195.149000	436.000000	134.126000
466.217000	196.198000	406.410000	203.047000
224.552000	197.251000	122.697000	321.993000
482.402000	196.743000	450.761000	137.688000
328.372000	201.784000	315.809000	182.011000
151.537000	203.147000	167.572000	168.258000
199.674000	204.124000	74.837900	324.177000
221.639000	206.422000	6.123960	286.712000
281.376000	206.945000	270.341000	190.686000
92.431800	208.591000	525.133000	208.789000
356.801000	210.182000	342.007000	188.986000
356.801000	210.182000	342.007000	188.986000
207.737000	212.024000	127.595000	386.622000
207.737000	212.024000	127.595000	386.622000
520.184000	212.021000	290.551000	411.067000
457.792000	212.900000	441.831000	187.339000
359.837000	217.962000	344.479000	194.877000
359.837000	217.962000	344.479000	194.877000
155.016000	219.819000	444.381000	172.591000
423.664000	220.611000	437.507000	163.562000
430.506000	220.756000	412.788000	194.137000
476.788000	220.799000	430.146000	106.005000
476.788000	220.799000	13.933400	202.753000
485.031000	221.130000	452.915000	162.656000
485.031000	221.130000	452.915000	162.656000
288.867000	224.779000	384.225000	83.079500
92.596800	226.293000	85.717700	271.519000
100.105000	226.060000	471.327000	169.330000
219.356000	227.971000	201.247000	302.351000
301.978000	228.223000	523.615000	370.195000
301.978000	228.223000	523.615000	370.195000
269.183000	229.605000	123.143000	299.695000
408.985000	230.068000	391.610000	204.415000
432.279000	229.772000	413.213000	173.758000
575.783000	230.727000	518.359000	208.369000
22.782300	231.615000	49.762000	187.604000
388.516000	232.990000	239.111000	279.904000
560.221000	234.212000	230.258000	361.281000
560.221000	234.212000	230.258000	361.281000
586.796000	235.837000	533.818000	265.345000
292.316000	241.822000	487.948000	199.365000
305.417000	245.487000	382.579000	147.865000
268.297000	249.781000	250.909000	243.490000
255.623000	250.973000	561.349000	291.002000
255.623000	250.973000	561.349000	291.002000
536.189000	251.064000	576.178000	208.191000
4.440400	251.437000	381.559000	143.208000
555.213000	256.641000	339.639000	136.765000
411.458000	257.869000	62.735300	415.101000
520.807000	260.966000	280.482000	220.365000
132.167000	265.234000	142.984000	242.404000
588.843000	266.613000	580.103000	236.327000
428.338000	267.554000	454.226000	235.838000
488.996000	274.200000	468.886000	239.021000
488.996000	274.200000	468.886000	239.021000
238.580000	276.531000	293.173000	213.679000
55.566500	277.603000	416.307000	410.591000
114.132000	278.437000	127.641000	381.360000
19.528500	282.429000	58.600700	279.156000
524.157000	287.182000	461.588000	210.490000
589.428000	286.305000	525.726000	253.314000
68.021200	289.310000	125.978000	298.595000
99.743300	289.475000	113.016000	259.494000
424.257000	289.023000	401.749000	253.588000
8.195940	291.379000	52.361400	225.385000
183.994000	294.734000	468.445000	358.331000
582.854000	296.888000	518.024000	262.701000
171.674000	297.746000	298.971000	355.502000
40.808000	299.853000	256.768000	209.086000
411.874000	305.403000	540.174000	403.061000
83.722700	306.824000	229.928000	208.683000
113.482000	307.141000	122.311000	273.200000
113.482000	307.141000	120.631000	273.436000
113.482000	307.141000	119.330000	273.036000
89.695300	307.727000	106.928000	273.037000
394.633000	309.406000	127.920000	386.480000
211.707000	311.345000	279.957000	249.118000
499.935000	313.149000	111.019000	359.314000
188.303000	315.444000	219.606000	209.385000
522.720000	316.873000	379.304000	213.940000
293.071000	321.525000	498.603000	191.293000
204.628000	321.939000	28.211300	189.681000
454.151000	330.099000	266.917000	247.881000
466.633000	329.858000	412.097000	301.917000
268.774000	333.167000	180.010000	178.828000
268.774000	333.167000	179.466000	178.341000
286.245000	333.738000	27.874900	188.273000
548.801000	339.214000	556.199000	260.045000
594.266000	345.204000	127.855000	232.733000
430.595000	347.236000	464.174000	302.035000
17.749400	352.631000	253.431000	390.290000
55.889500	358.939000	85.506900	301.071000
260.724000	361.809000	250.836000	312.814000
260.724000	361.809000	303.000000	316.034000
73.220000	362.413000	154.031000	218.891000
282.738000	363.307000	225.639000	170.689000
331.969000	362.626000	312.527000	314.698000
331.969000	362.626000	312.527000	314.698000
356.601000	362.783000	335.055000	314.674000
369.145000	362.868000	346.054000	315.187000
225.362000	363.716000	74.634000	347.426000
186.143000	365.433000	180.770000	355.989000
53.675600	372.921000	83.443900	319.236000
80.198300	372.319000	335.471000	336.796000
559.754000	374.250000	433.236000	281.737000
559.754000	374.250000	404.687000	295.665000
462.913000	378.768000	408.394000	330.002000
433.282000	380.807000	408.394000	330.002000
455.106000	380.402000	459.748000	331.828000
43.665900	384.693000	562.384000	144.971000
554.380000	384.021000	582.242000	294.000000
127.754000	389.788000	156.834000	347.920000
171.699000	392.068000	425.528000	256.103000
171.699000	392.068000	437.234000	255.234000
357.342000	391.603000	346.742000	314.996000
151.188000	397.422000	379.402000	111.493000
582.006000	400.977000	299.406000	384.731000
234.029000	404.065000	153.180000	218.838000
46.493200	405.920000	79.656600	338.682000
466.857000	408.058000	220.319000	209.442000
176.700000	409.288000	463.527000	377.729000
433.770000	409.142000	405.323000	354.002000
433.770000	409.142000	405.323000	354.002000
149.638000	412.048000	411.240000	105.380000
240.503000	413.806000	132.586000	149.231000
248.120000	418.498000	6.875590	167.231000
335.178000	425.674000	591.181000	215.584000
250.408000	429.295000	51.622100	198.573000
250.408000	429.295000	51.688400	198.253000
314.543000	431.639000	430.399000	93.320500
410.993000	434.610000	254.770000	332.761000
91.621100	437.538000	313.011000	369.460000
568.977000	437.475000	42.528200	325.601000
568.977000	437.475000	42.528200	325.601000
523.201000	439.001000	17.231000	162.001000
579.489000	438.645000	555.038000	256.107000
483.776000	443.183000	364.952000	80.309800
505.875000	22.175700	126.023000	387.922000
302.741000	27.586100	298.835000	33.829900
302.741000	27.586100	298.866000	33.843700
528.169000	47.107000	35.491900	364.470000
400.010000	59.434200	77.352200	359.836000
126.082000	59.719400	181.817000	95.012700
126.082000	59.719400	181.707000	94.887400
274.934000	61.875100	261.531000	86.571400
6.688680	70.973500	71.451800	192.419000
465.760000	79.065900	15.773700	237.994000
339.499000	82.900500	332.429000	80.340800
27.993300	90.981100	17.252900	163.335000
94.904400	96.255500	216.839000	236.799000
330.468000	96.979000	347.945000	149.786000
302.129000	105.025000	294.914000	103.279000
440.179000	107.728000	430.505000	92.849700
86.555800	110.596000	75.929300	186.473000
290.773000	112.038000	284.727000	109.720000
297.166000	111.731000	290.441000	109.309000
297.166000	111.731000	290.441000	109.309000
425.654000	118.046000	414.874000	104.059000
132.449000	119.611000	533.579000	360.799000
156.264000	119.204000	370.623000	125.574000
169.632000	122.139000	429.434000	104.186000
243.268000	124.062000	262.016000	86.471400
309.247000	124.439000	301.080000	118.543000
426.346000	125.544000	413.595000	110.736000
310.410000	136.337000	301.313000	128.537000
283.128000	137.779000	276.217000	132.831000
283.128000	137.779000	276.217000	132.831000
244.187000	143.153000	253.127000	119.663000
106.447000	145.910000	16.822500	164.452000
231.846000	145.633000	271.303000	68.359700
369.792000	147.084000	413.147000	105.616000
308.474000	150.582000	298.284000	163.494000
163.818000	154.310000	175.050000	153.765000
122.114000	155.719000	225.227000	394.755000
463.225000	157.548000	452.405000	136.919000
435.020000	158.223000	413.340000	203.239000
296.664000	162.755000	300.983000	152.391000
324.898000	162.941000	313.622000	149.994000
324.898000	162.941000	313.622000	149.994000
473.111000	161.830000	171.022000	344.464000
45.695000	164.803000	165.462000	342.883000
265.147000	164.323000	259.740000	155.973000
339.662000	166.097000	326.837000	151.632000
122.820000	172.908000	133.995000	172.103000
131.388000	174.670000	341.117000	277.890000
302.862000	174.130000	305.573000	160.255000
280.480000	176.639000	272.679000	164.780000
75.900900	185.094000	560.349000	139.150000
153.619000	185.442000	166.591000	178.704000
153.619000	185.442000	166.591000	178.704000
222.287000	185.002000	283.112000	62.339900
429.063000	187.427000	202.438000	179.785000
121.205000	192.086000	49.839400	276.885000
265.164000	193.199000	259.163000	178.840000
265.164000	193.199000	259.163000	178.840000
423.816000	195.077000	110.487000	199.640000
71.982700	196.278000	25.656400	171.700000
248.756000	197.212000	245.085000	183.906000
248.756000	197.212000	245.085000	183.906000
335.221000	196.516000	220.741000	397.228000
300.672000	200.311000	304.313000	182.868000
152.645000	203.393000	167.572000	168.258000
199.215000	204.102000	213.732000	311.517000
165.576000	205.235000	176.011000	193.584000
92.745400	208.447000	524.182000	209.136000
180.365000	209.755000	187.445000	194.920000
208.137000	211.788000	127.595000	386.622000
208.137000	211.788000	127.595000	386.622000
266.981000	213.096000	350.183000	358.989000
338.359000	213.287000	325.414000	193.821000
458.722000	212.817000	441.831000	187.339000
441.486000	213.855000	425.559000	189.144000
243.773000	218.216000	239.780000	200.798000
492.367000	220.300000	459.009000	162.787000
181.640000	221.398000	427.315000	172.348000
231.721000	227.691000	229.724000	208.853000
331.829000	228.066000	49.192300	276.785000
446.195000	230.333000	429.492000	203.314000
461.810000	229.786000	445.155000	202.154000
526.930000	229.507000	491.642000	269.056000
275.882000	231.317000	267.156000	209.506000
560.150000	234.704000	231.547000	362.275000
292.978000	242.228000	487.948000	199.365000
473.043000	242.131000	371.243000	225.592000
305.749000	245.163000	381.677000	144.368000
586.306000	249.240000	193.457000	141.479000
268.116000	250.309000	259.813000	224.895000
536.118000	251.385000	377.327000	123.961000
244.723000	254.399000	238.817000	230.298000
90.566800	255.247000	106.644000	237.284000
37.138900	257.745000	373.298000	79.351300
194.222000	261.355000	54.216900	197.427000
520.584000	261.298000	280.482000	220.365000
117.353000	262.031000	268.210000	365.640000
134.835000	264.730000	145.189000	242.161000
290.088000	271.054000	410.357000	252.003000
554.342000	273.725000	194.740000	203.396000
361.533000	278.384000	234.125000	247.663000
590.220000	286.995000	18.167100	158.548000
67.703000	289.130000	125.978000	298.595000
100.064000	289.312000	113.016000	259.494000
459.587000	289.310000	554.567000	369.244000
555.301000	292.450000	309.502000	246.104000
309.646000	293.475000	294.806000	259.889000
241.912000	299.209000	313.328000	264.403000
113.287000	306.714000	122.311000	273.200000
113.287000	306.714000	120.631000	273.436000
113.287000	306.714000	119.330000	273.036000
59.512500	306.831000	84.700800	273.366000
516.495000	309.947000	531.403000	235.563000
259.156000	311.590000	201.390000	210.051000
369.128000	312.446000	25.886500	271.123000
248.437000	318.423000	171.247000	142.477000
457.067000	330.821000	433.468000	288.321000
467.173000	329.493000	412.097000	301.917000
131.615000	331.633000	148.049000	288.625000
131.615000	331.633000	148.049000	288.625000
266.978000	332.437000	255.768000	290.765000
326.851000	333.690000	537.581000	402.873000
127.558000	361.205000	310.734000	70.163800
261.111000	362.143000	250.836000	312.814000
261.111000	362.143000	303.000000	316.034000
331.747000	363.044000	312.146000	315.069000
331.747000	363.044000	311.500000	315.618000
357.023000	363.144000	335.929000	315.362000
368.951000	363.016000	345.286000	315.620000
224.866000	363.936000	74.634000	347.426000
559.828000	374.880000	433.247000	282.900000
11.315500	376.391000	78.743400	213.107000
214.101000	378.174000	541.743000	216.964000
462.461000	379.011000	436.859000	329.138000
491.646000	380.903000	466.258000	330.695000
491.646000	380.903000	466.258000	330.695000
43.088800	384.501000	275.954000	300.468000
537.198000	384.904000	276.128000	231.351000
259.916000	389.519000	249.538000	333.902000
63.443600	390.590000	90.178800	331.158000
99.332300	390.340000	57.364700	431.964000
275.022000	389.761000	311.641000	335.932000
358.011000	391.374000	334.750000	337.072000
150.828000	397.896000	152.087000	337.725000
202.645000	401.468000	247.924000	278.203000
220.839000	401.677000	258.878000	241.121000
46.730700	406.109000	79.656600	338.682000
69.206200	407.625000	80.800900	332.578000
91.831400	410.411000	309.377000	246.366000
235.117000	423.174000	72.736200	346.804000
65.084600	424.896000	542.830000	333.013000
527.759000	425.485000	221.928000	393.872000
125.038000	427.926000	370.979000	183.054000
172.933000	431.062000	77.567000	203.741000
568.193000	436.976000	207.219000	163.843000
84.220200	438.307000	540.331000	369.106000
208.518000	439.585000	172.954000	152.738000
506.792000	439.600000	204.497000	376.275000
522.854000	438.611000	17.231000	162.001000
405.709000	443.124000	306.719000	371.742000
302.914000	27.807900	298.866000	33.843700
510.584000	50.354700	352.994000	366.544000
286.164000	59.292100	243.473000	138.525000
400.678000	59.885100	80.380300	360.258000
276.352000	79.283600	272.570000	82.759500
437.824000	85.166700	428.736000	71.916700
27.724900	91.156800	17.252900	163.335000
266.658000	97.435700	263.516000	99.708100
330.775000	96.710600	347.997000	149.190000
348.692000	103.485000	339.912000	97.400800
86.118000	110.686000	75.929300	186.473000
312.191000	112.004000	304.638000	108.111000
453.777000	123.801000	445.291000	107.299000
360.102000	125.667000	323.048000	63.089500
281.070000	136.979000	273.305000	132.143000
310.299000	136.459000	301.313000	128.537000
324.462000	137.024000	314.449000	128.619000
357.926000	143.030000	309.625000	61.493900
232.591000	145.387000	262.567000	85.938200
368.788000	144.573000	287.983000	258.317000
143.093000	149.969000	372.024000	125.548000
295.758000	149.201000	286.549000	141.083000
295.758000	149.201000	286.549000	141.083000
190.078000	150.664000	432.018000	107.547000
105.414000	154.118000	192.757000	140.274000
121.511000	155.992000	225.227000	394.755000
434.114000	157.636000	429.434000	104.186000
266.089000	163.652000	259.918000	155.757000
46.006300	165.126000	165.462000	342.883000
582.814000	165.715000	561.244000	140.648000
582.814000	165.715000	430.118000	231.866000
124.569000	170.713000	451.688000	170.255000
381.241000	171.504000	272.999000	297.824000
281.341000	175.848000	273.071000	163.941000
308.589000	176.288000	298.467000	140.950000
322.502000	176.411000	300.537000	129.853000
155.387000	184.874000	179.466000	178.341000
97.786700	191.338000	111.736000	187.116000
265.928000	193.600000	259.883000	179.285000
430.116000	194.659000	82.095700	330.878000
483.494000	194.977000	452.495000	136.447000
335.186000	197.131000	223.567000	370.142000
355.418000	197.803000	340.549000	179.232000
289.730000	198.928000	279.845000	182.703000
299.044000	199.055000	288.980000	181.736000
313.516000	199.105000	290.574000	182.486000
153.872000	203.795000	165.796000	193.086000
220.703000	205.766000	252.152000	133.395000
93.117900	208.149000	524.182000	209.136000
180.369000	210.171000	187.488000	195.631000
128.731000	211.431000	133.326000	201.675000
208.312000	211.579000	127.595000	386.622000
208.312000	211.579000	127.595000	386.622000
152.365000	218.355000	164.833000	204.013000
124.684000	220.033000	131.330000	207.030000
124.684000	220.033000	131.330000	207.030000
181.507000	221.145000	427.315000	172.348000
302.576000	227.349000	375.495000	49.092600
302.576000	227.349000	574.732000	357.803000
302.576000	227.349000	573.877000	358.400000
410.165000	228.774000	392.058000	203.385000
432.224000	228.471000	16.206600	237.386000
432.224000	228.471000	16.206600	237.386000
481.666000	228.566000	450.864000	169.748000
261.990000	229.306000	255.706000	209.171000
560.210000	235.114000	195.399000	238.069000
105.310000	258.759000	117.918000	238.476000
225.361000	259.415000	394.888000	224.239000
324.578000	260.193000	310.208000	231.931000
219.703000	262.019000	386.642000	227.521000
103.548000	265.429000	540.355000	216.000000
268.756000	270.476000	259.979000	241.377000
473.576000	268.865000	429.979000	234.373000
473.576000	268.865000	453.960000	236.686000
6.652740	274.287000	533.634000	234.983000
284.124000	277.881000	273.329000	243.148000
326.030000	277.355000	309.502000	246.104000
326.030000	277.355000	309.502000	246.104000
361.889000	278.395000	313.522000	414.740000
361.889000	278.395000	341.179000	247.378000
67.581600	289.075000	125.978000	298.595000
99.869000	288.850000	113.016000	259.494000
591.308000	287.296000	17.628100	159.845000
591.308000	287.296000	17.628100	159.845000
204.611000	290.450000	393.950000	104.751000
524.862000	306.834000	304.836000	318.649000
200.142000	313.161000	169.531000	142.052000
326.206000	335.218000	313.476000	414.648000
548.937000	338.915000	556.199000	260.045000
429.887000	340.070000	544.236000	329.074000
488.307000	339.219000	404.554000	298.464000
386.223000	349.944000	338.604000	371.697000
74.827100	358.527000	279.235000	219.744000
367.508000	363.657000	343.980000	316.222000
111.706000	368.347000	397.852000	134.003000
80.299400	371.332000	101.555000	317.997000
80.299400	371.332000	101.555000	317.997000
11.994900	375.060000	381.398000	133.711000
560.026000	375.457000	433.085000	284.197000
260.070000	389.662000	249.538000	333.902000
316.531000	390.140000	299.435000	335.560000
150.302000	398.570000	151.490000	338.264000
18.284300	404.438000	524.711000	376.707000
46.949700	405.799000	79.656600	338.682000
136.585000	409.554000	142.022000	241.510000
136.585000	409.554000	142.022000	241.510000
176.570000	409.714000	380.949000	50.913000
135.760000	415.910000	48.107700	188.693000
434.115000	422.000000	434.893000	365.457000
434.115000	422.000000	405.086000	363.641000
125.220000	428.270000	370.979000	183.054000
340.031000	429.768000	518.032000	375.809000
586.282000	431.233000	262.812000	197.072000
85.448600	437.929000	437.234000	255.234000
85.448600	437.929000	275.567000	299.941000
344.527000	439.305000	488.909000	394.963000
300.846000	28.840900	298.998000	33.994100
401.415000	60.133300	79.463500	360.251000
7.317760	70.042000	115.220000	159.911000
465.176000	79.009500	15.773700	237.994000
302.634000	85.368600	296.123000	83.957000
302.634000	85.368600	296.123000	83.957000
266.192000	99.494100	263.077000	100.391000
301.707000	105.360000	294.765000	103.112000
301.707000	105.360000	294.765000	103.112000
85.708500	109.934000	147.561000	288.205000
36.203000	112.770000	223.007000	320.865000
134.805000	118.793000	282.213000	259.285000
178.790000	128.053000	381.549000	363.040000
280.394000	136.760000	273.305000	132.143000
323.863000	137.197000	314.449000	128.619000
358.187000	143.571000	309.625000	61.493900
307.335000	148.746000	288.766000	131.147000
416.074000	156.711000	415.926000	106.063000
470.402000	156.725000	443.811000	105.146000
361.230000	160.834000	329.140000	110.718000
266.469000	163.573000	259.918000	155.757000
281.899000	163.595000	274.504000	153.800000
322.953000	164.390000	312.984000	151.368000
46.544300	165.834000	149.172000	166.422000
296.240000	167.011000	286.167000	158.236000
284.243000	173.549000	331.176000	112.328000
76.267600	184.263000	366.367000	75.839900
155.861000	184.819000	167.629000	178.355000
96.231400	192.101000	111.251000	188.314000
220.886000	191.347000	291.086000	48.832200
464.613000	194.048000	466.989000	198.633000
355.150000	197.454000	16.675100	307.936000
403.493000	198.498000	206.822000	163.873000
153.345000	203.162000	166.473000	193.266000
93.047200	207.626000	109.147000	200.474000
281.866000	207.660000	178.527000	357.350000
281.866000	207.660000	111.876000	299.810000
106.440000	208.120000	548.593000	208.637000
266.749000	212.023000	309.860000	435.687000
266.749000	212.023000	350.271000	358.393000
360.454000	217.992000	344.374000	194.345000
231.751000	227.518000	229.995000	208.613000
307.765000	226.122000	297.541000	204.415000
219.548000	228.425000	219.803000	209.379000
262.728000	228.848000	257.379000	206.489000
463.022000	228.253000	453.018000	200.631000
249.418000	242.921000	338.851000	373.022000
249.418000	242.921000	338.851000	373.022000
268.199000	251.710000	225.639000	170.689000
88.793700	256.311000	106.923000	237.711000
553.819000	255.328000	59.314800	437.878000
134.043000	263.472000	416.887000	407.748000
450.903000	263.821000	430.116000	232.806000
450.903000	263.821000	465.536000	359.142000
429.035000	269.101000	408.272000	237.678000
473.145000	269.345000	453.641000	237.212000
473.145000	269.345000	408.272000	237.678000
284.699000	277.806000	273.329000	243.148000
67.318800	288.875000	89.835000	260.491000
453.357000	288.894000	526.900000	440.342000
113.837000	292.362000	124.013000	261.753000
543.644000	298.561000	272.999000	297.824000
383.782000	307.770000	365.875000	204.603000
265.292000	311.003000	359.100000	437.132000
187.456000	314.627000	429.492000	203.314000
357.772000	320.396000	306.321000	276.219000
457.822000	323.947000	463.215000	298.519000
263.673000	332.843000	24.468300	230.727000
216.266000	336.150000	31.445500	177.561000
429.993000	341.363000	404.626000	297.812000
319.293000	363.867000	251.567000	313.967000
359.139000	364.444000	337.449000	317.025000
359.139000	364.444000	337.449000	317.025000
573.866000	362.146000	325.130000	378.736000
41.928100	368.180000	230.418000	345.866000
54.827800	376.908000	83.505400	321.105000
491.404000	380.392000	463.132000	330.107000
274.138000	389.953000	311.483000	335.509000
47.185000	405.378000	79.656600	338.682000
69.531000	406.809000	80.467200	332.714000
69.531000	406.809000	80.467200	332.714000
110.967000	406.504000	379.402000	111.493000
91.742300	411.591000	542.830000	333.013000
307.969000	415.907000	486.306000	205.898000
86.195600	437.242000	312.389000	373.036000
318.344000	436.858000	496.934000	301.975000
344.000000	437.981000	205.539000	376.724000
295.310000	47.351400	290.927000	51.849700
402.081000	60.555500	79.463500	360.251000
542.309000	63.167800	183.640000	366.848000
18.037600	74.693700	365.887000	107.105000
465.149000	78.962700	15.773700	237.994000
302.435000	86.828200	296.061000	84.826400
302.435000	86.828200	296.061000	84.826400
438.528000	86.319100	428.632000	72.538700
438.528000	86.319100	428.632000	72.538700
85.711700	109.749000	147.561000	288.205000
440.879000	109.950000	430.273000	93.310900
256.293000	123.603000	243.900000	138.442000
452.167000	123.165000	442.408000	106.829000
178.364000	127.888000	381.549000	363.040000
302.165000	144.137000	292.877000	134.433000
302.165000	144.137000	297.713000	57.133000
357.570000	143.898000	309.625000	61.493900
447.545000	156.953000	433.497000	136.047000
358.976000	160.010000	336.551000	126.240000
296.211000	170.568000	312.458000	76.490100
300.385000	170.732000	289.667000	158.433000
550.385000	180.546000	48.830900	391.627000
77.346600	184.819000	98.487400	183.231000
428.498000	193.875000	412.490000	171.076000
488.913000	193.941000	457.247000	136.659000
295.229000	196.426000	298.339000	180.408000
300.468000	196.536000	290.801000	180.549000
104.064000	206.776000	115.970000	199.575000
281.705000	206.528000	270.055000	189.990000
126.090000	210.132000	132.557000	200.566000
126.090000	210.132000	132.557000	200.566000
64.556100	210.715000	533.080000	337.407000
151.181000	217.070000	164.671000	202.532000
182.696000	220.570000	427.784000	171.357000
432.007000	227.614000	412.612000	171.505000
432.007000	227.614000	17.149000	236.218000
478.998000	226.451000	461.642000	197.866000
513.865000	238.375000	353.711000	149.985000
294.505000	242.165000	284.459000	206.283000
480.659000	244.815000	473.016000	212.097000
268.036000	252.689000	259.793000	226.168000
534.872000	253.593000	493.483000	320.623000
450.603000	264.633000	429.772000	233.592000
259.842000	273.148000	251.595000	242.381000
259.842000	273.148000	251.595000	242.381000
53.432600	274.439000	184.335000	154.151000
285.590000	277.134000	274.984000	242.694000
294.896000	294.421000	284.180000	258.998000
187.543000	314.090000	25.138200	271.311000
320.197000	322.544000	451.289000	258.118000
457.411000	325.161000	432.877000	284.518000
129.206000	328.859000	147.385000	287.871000
430.055000	342.283000	141.599000	265.400000
430.055000	342.283000	542.774000	331.046000
321.182000	364.548000	304.805000	316.688000
110.210000	368.243000	399.522000	134.192000
178.744000	368.243000	537.850000	259.110000
460.246000	377.491000	465.687000	330.444000
431.332000	379.194000	464.019000	329.974000
490.640000	380.303000	462.705000	330.598000
262.299000	388.398000	337.141000	335.707000
366.239000	392.613000	481.762000	232.067000
150.032000	402.347000	378.701000	112.719000
92.061900	411.217000	543.078000	233.540000
463.856000	417.751000	205.539000	376.724000
87.344100	436.807000	544.566000	366.125000
496.219000	439.567000	96.170400	239.023000
509.794000	15.507100	89.390500	191.962000
402.830000	60.322200	391.297000	188.756000
557.145000	74.338300	42.227700	182.166000
59.955400	111.559000	77.802300	180.757000
121.388000	110.211000	110.219000	426.139000
121.388000	110.211000	322.868000	396.824000
171.305000	111.149000	181.606000	117.587000
171.305000	111.149000	181.606000	117.587000
429.859000	122.865000	417.508000	106.744000
289.933000	136.186000	271.798000	157.400000
149.052000	144.564000	163.695000	145.789000
185.361000	144.110000	193.249000	140.673000
303.495000	143.761000	294.818000	135.531000
291.824000	170.324000	284.779000	157.994000
296.766000	170.706000	114.335000	218.471000
84.371300	187.549000	103.863000	187.262000
488.955000	196.667000	476.215000	171.176000
328.179000	201.112000	232.234000	363.144000
126.320000	218.139000	130.307000	208.272000
464.579000	226.353000	449.673000	200.325000
464.579000	226.353000	449.697000	199.241000
110.680000	259.333000	120.893000	238.471000
110.680000	259.333000	120.893000	238.471000
324.794000	257.975000	310.712000	231.292000
33.190600	262.864000	521.965000	421.487000
450.367000	265.244000	429.772000	233.592000
260.919000	272.159000	253.929000	241.457000
478.180000	287.671000	92.837400	355.697000
236.722000	293.349000	339.782000	259.913000
236.722000	293.349000	339.782000	259.913000
358.361000	292.048000	339.421000	255.194000
358.361000	292.048000	339.421000	255.194000
88.970100	304.989000	106.129000	272.910000
112.742000	302.942000	121.653000	271.917000
322.847000	322.565000	406.738000	256.732000
457.306000	325.549000	432.877000	284.518000
56.343600	343.801000	188.344000	288.029000
429.982000	342.765000	141.599000	265.400000
429.982000	342.765000	542.774000	331.046000
488.137000	342.420000	462.037000	300.350000
488.137000	342.420000	462.037000	300.350000
19.548600	347.248000	171.240000	126.309000
322.809000	365.343000	256.538000	316.008000
459.583000	376.566000	464.019000	329.974000
431.396000	378.748000	404.494000	326.977000
490.327000	380.447000	462.705000	330.598000
266.217000	389.469000	255.862000	332.049000
92.912100	410.579000	543.078000	233.540000
92.912100	410.579000	129.947000	348.392000
325.737000	430.631000	297.504000	203.119000
154.649000	434.923000	274.277000	299.049000
342.474000	434.628000	365.343000	135.447000
441.639000	433.142000	380.680000	57.146100
88.126600	436.531000	544.064000	365.179000
540.192000	29.321800	282.860000	285.548000
293.198000	53.022400	290.896000	55.853200
124.686000	68.192700	140.328000	86.259700
124.686000	68.192700	140.328000	86.259700
557.693000	74.476100	42.227700	182.166000
302.176000	90.211800	295.802000	89.779900
302.176000	90.211800	295.797000	90.807400
171.081000	118.062000	181.520000	121.202000
171.081000	118.062000	181.520000	121.202000
451.460000	123.828000	439.262000	107.550000
451.460000	123.828000	439.262000	107.550000
319.084000	134.889000	314.080000	128.242000
284.053000	136.092000	274.656000	131.735000
150.014000	141.829000	76.654600	226.164000
119.785000	144.400000	132.572000	149.204000
99.790400	155.655000	60.862900	203.451000
417.819000	160.349000	415.926000	106.063000
301.088000	171.320000	294.325000	160.423000
488.650000	198.868000	458.207000	141.869000
280.293000	205.150000	270.444000	185.308000
393.323000	207.907000	128.330000	385.298000
464.361000	224.469000	354.844000	204.701000
429.602000	226.048000	412.639000	197.672000
429.602000	226.048000	393.322000	197.831000
532.955000	257.193000	286.216000	204.875000
322.649000	286.251000	307.467000	251.813000
453.217000	288.930000	526.900000	440.342000
235.814000	291.854000	339.217000	256.936000
384.223000	305.323000	365.820000	204.484000
523.066000	306.243000	233.298000	248.458000
456.602000	326.160000	542.517000	331.659000
456.602000	326.160000	432.351000	285.394000
430.390000	342.584000	403.875000	299.917000
323.488000	365.804000	304.836000	318.649000
431.318000	377.861000	405.215000	327.289000
457.929000	376.842000	432.006000	327.551000
266.657000	388.529000	255.862000	332.049000
326.704000	391.583000	304.604000	336.271000
97.877300	408.294000	531.453000	293.664000
97.877300	408.294000	129.107000	346.727000
238.198000	424.409000	592.646000	216.039000
88.950600	436.040000	265.247000	367.731000
154.938000	433.909000	276.359000	300.877000
123.368000	70.277400	329.454000	416.804000
558.794000	73.966900	42.227700	182.166000
302.360000	90.829800	295.565000	91.366600
171.366000	119.190000	181.520000	121.202000
171.366000	119.190000	181.520000	121.202000
270.073000	161.071000	275.444000	131.671000
360.145000	159.325000	328.283000	109.542000
418.684000	159.760000	463.527000	377.729000
209.182000	204.206000	208.284000	239.667000
19.645900	237.455000	561.244000	140.648000
103.780000	261.275000	115.955000	241.004000
50.345900	269.509000	147.746000	162.926000
449.777000	267.813000	430.032000	239.030000
449.777000	267.813000	430.859000	241.226000
322.028000	289.691000	307.101000	253.940000
528.117000	305.720000	234.273000	248.303000
326.625000	323.632000	31.262600	324.527000
561.777000	332.345000	468.232000	200.316000
432.593000	341.893000	405.600000	300.480000
490.465000	340.918000	460.857000	299.514000
218.650000	359.229000	436.656000	248.818000
453.919000	376.196000	429.897000	327.015000
376.768000	415.208000	180.978000	358.024000
237.413000	424.755000	592.480000	215.938000
559.200000	72.202900	42.028900	181.281000
301.945000	91.899800	295.023000	91.757100
301.945000	91.899800	295.565000	91.366600
170.987000	119.922000	181.520000	121.202000
170.987000	119.922000	181.520000	121.202000
438.359000	122.977000	477.589000	165.194000
283.728000	135.387000	275.700000	129.410000
125.987000	143.842000	137.927000	151.150000
332.203000	205.564000	457.503000	256.604000
270.854000	257.707000	238.892000	208.507000
533.626000	258.851000	128.173000	218.223000
49.005700	268.107000	148.226000	164.175000
49.005700	268.107000	147.746000	162.926000
512.513000	278.907000	212.868000	366.085000
179.607000	290.045000	511.979000	186.525000
383.510000	303.881000	354.160000	368.432000
549.965000	305.700000	48.082400	339.864000
549.965000	305.700000	349.553000	116.501000
454.329000	328.457000	431.151000	285.992000
454.329000	328.457000	431.151000	285.992000
37.757300	419.848000	232.076000	362.840000
518.262000	37.926100	75.929300	186.473000
247.028000	75.594700	170.898000	116.337000
170.019000	121.167000	180.930000	125.858000
259.718000	181.138000	269.908000	135.697000
334.215000	210.615000	456.228000	258.861000
49.229600	264.440000	148.226000	164.175000
49.229600	264.440000	147.746000	162.926000
451.500000	268.605000	430.753000	238.802000
451.500000	268.605000	430.753000	238.802000
265.016000	325.035000	109.504000	352.636000
537.445000	336.989000	501.953000	293.972000
317.109000	367.410000	495.406000	237.848000
451.138000	373.430000	423.247000	322.330000
451.138000	373.430000	423.247000	322.330000
379.887000	412.809000	22.384800	240.635000
300.248000	76.677100	295.007000	79.174600
169.009000	125.617000	297.574000	45.615800
439.365000	125.538000	477.589000	165.194000
330.567000	210.805000	314.580000	195.437000
296.207000	232.427000	289.709000	210.426000
45.510300	259.693000	347.307000	104.187000
303.343000	70.703300	297.243000	68.279300
166.746000	130.404000	372.152000	109.842000
166.746000	130.404000	372.152000	109.842000
213.295000	175.789000	149.172000	166.422000
346.907000	192.672000	14.091800	266.439000
39.450200	248.594000	156.998000	344.998000
525.226000	264.261000	282.691000	205.760000
305.823000	63.649400	298.579000	60.264900
107.111000	368.405000	498.054000	170.157000
169.350000	147.413000	181.590000	143.803000
311.870000	66.677900	483.094000	233.109000
164.932000	152.372000	375.316000	45.438600
431.514000	160.462000	375.485000	90.211500
129.091000	189.194000	41.406500	352.157000
